10,,,,,,,,,,,,,
f7sg6d,E,Mehra,Rohit,600 N 15th St,Lincoln,NE,68508,US,rohit@mehra.org,rmehra2@edu,ro@m.com,,
7egf53,E,Winget,Jennifer,Bandra Main Road,Mumbai,Maharashtra,33764,India,jwingett@gmail.com,jeniffer@yahoo.com,,,
9wh3n7,E,Sharma,Anushka,46 Bombay St,Mumbai,Maharashtra,32982,India,anushkasharma@v.org,viratkibiwi.com,vamikakimaa.org,ranveerkiex.bye,
weiu94,P,Nagar,Ajey,98 Carry St,Faridabad,Haryana,95833,India,carryminati@gmail.com,carrybhai@yahoo.com,gamereknumber.com,,
73h77g,P,Tripathi,Munna,Chacha waali St,Mirzapur,UP,28372,India,bhaiyajismile.org,kingofmirzapur@samjhe,chacharestkarlijiye.com,,madhuribhabi@mla
hfu769,P,Khan,Sardar,Kothe Waali St,Dhanbad,UP,13737,India,sardaarkhan@naamhai,faizalkabaap.com,ramadhirkadushman.org,,
83hwu1,P,Pandit,Bablu,64 Reddy St,Mirzapur,UP,39822,India,bablugenius@gmail.com,,,,
rthy89,G,Singh,Kabir,53 Preeti Road,Delhi,Delhi,40928,India,drkabirsingh@yahoo.com,roadsideromeo@nahinaan,,,
ktkre0,G,Reddy,Arjun,35 S Preeti St,Hyderabad,Telangana,28947,India,Reddytohdilha@humaara.com,,,,
4u8jfg,G,Gumshuda,Binod,7 Net Gali,Patna,Bihar,18479,India,,,,,
