18
1d4d89,PN,PlayStation 5 Digital Edition,399.99
1ed5b7,PN,Nintendo Switch Lite,199.99
6ce4cd,PN,Splatoon 2 (Digital Copy),59.99
c547e7,PN,Diet Mt Dew (20oz),1.99
5f73aa,PG,Nintendo Digital Gold,
14e2b7,PG,Steam,
8a30ad,PG,Android Store,
daad6a,PG,Robux,
649f88,PU,Legend of Zelda (NES),24.50
0ec6e9,PU,Animal Crossings,59.99
9b6e30,PU,Oculus Rift,199.99
40a433,PU,Vive,599.99
8e366e,SV,Console Repair,59.99
c4fb35,SV,VR Party Rental,120.00
740515,SV,Game Addiction Counseling,1.99
426dda,SB,X-Box Live,50.00
dedd44,SB,Nintendo Power magazine,120.00
3506f6,SB,Disney Plus,89.99
